PRAGMA foreign_keys=OFF;
BEGIN TRANSACTION;
CREATE TABLE sources (
  id              integer not null unique primary key, /* alias for system rowid */
  path            text );
INSERT INTO sources VALUES(1,'/home/flow/jzr/datamill/src/tests/demo-medium.md');
CREATE TABLE realms (
  realm           text    not null unique primary key );
INSERT INTO realms VALUES('input');
INSERT INTO realms VALUES('html');
CREATE TABLE keys (
  key             text    not null unique primary key,
  is_block        boolean not null default false,
  has_paragraphs  boolean not null default false
  check ( not ( ( not is_block ) and has_paragraphs ) ) );
INSERT INTO keys VALUES('^line',0,0);
INSERT INTO keys VALUES('^blank',0,0);
INSERT INTO keys VALUES('<codeblock',1,0);
INSERT INTO keys VALUES('>codeblock',1,0);
INSERT INTO keys VALUES('^literal',0,0);
INSERT INTO keys VALUES('^literal-blank',0,0);
INSERT INTO keys VALUES('<h',1,0);
INSERT INTO keys VALUES('>h',1,0);
INSERT INTO keys VALUES('<blockquote',1,1);
INSERT INTO keys VALUES('>blockquote',1,1);
INSERT INTO keys VALUES('<p',1,0);
INSERT INTO keys VALUES('>p',1,0);
INSERT INTO keys VALUES('^hunk',0,0);
INSERT INTO keys VALUES('^mktscript',0,0);
INSERT INTO keys VALUES('^html',0,0);
CREATE TABLE main (
  vnr       json    not null,
  stamped   boolean not null default false,
  dest      text    not null default 'main',
  sid       integer not null default 1 references sources ( id ),
  realm     text    not null default 'input' references realms ( realm ),
  ref       text    default 'mirage',
  key       text    not null default '^line' references keys ( key ),
  text      text,
  p         json    default 'null',
  vnr_blob  blob    not null );
INSERT INTO main VALUES('[1]',1,'ignore',1,'input','stop','^line','','null',X'4d3ff00000000000004c');
INSERT INTO main VALUES('[2]',1,'ignore',1,'input','stop','^line','This part will be ignored','null',X'4d40000000000000004c');
INSERT INTO main VALUES('[3]',1,'ignore',1,'input','stop','^line','','null',X'4d40080000000000004c');
INSERT INTO main VALUES('[4]',1,'ignore',1,'input','stop','^line','<start/>','null',X'4d40100000000000004c');
INSERT INTO main VALUES('[5]',0,'main',1,'input','mirage','^line','','null',X'4d40140000000000004c');
INSERT INTO main VALUES('[6]',0,'main',1,'input','mirage','^line','```','null',X'4d40180000000000004c');
INSERT INTO main VALUES('[7]',0,'main',1,'input','mirage','^line','codeblock line 1','null',X'4d401c0000000000004c');
INSERT INTO main VALUES('[8]',0,'main',1,'input','mirage','^line','codeblock line 2','null',X'4d40200000000000004c');
INSERT INTO main VALUES('[9]',0,'main',1,'input','mirage','^line','```','null',X'4d40220000000000004c');
INSERT INTO main VALUES('[10]',0,'main',1,'input','mirage','^line','','null',X'4d40240000000000004c');
INSERT INTO main VALUES('[11]',0,'main',1,'input','mirage','^line','<append dest=front realm=tex>','null',X'4d40260000000000004c');
INSERT INTO main VALUES('[12]',0,'main',1,'input','mirage','^line','<raw>% This will only appear in TeX source code before `\\begin{document}`</raw>','null',X'4d40280000000000004c');
INSERT INTO main VALUES('[13]',0,'main',1,'input','mirage','^line','</append>','null',X'4d402a0000000000004c');
INSERT INTO main VALUES('[14]',0,'main',1,'input','mirage','^line','','null',X'4d402c0000000000004c');
INSERT INTO main VALUES('[15]',0,'main',1,'input','mirage','^line','<append dest=front realm=html>','null',X'4d402e0000000000004c');
INSERT INTO main VALUES('[16]',0,'main',1,'input','mirage','^line','<raw>< !-- This will only appear in HTML source code in the `<head>` section --></raw>','null',X'4d40300000000000004c');
INSERT INTO main VALUES('[17]',0,'main',1,'input','mirage','^line','</append>','null',X'4d40310000000000004c');
INSERT INTO main VALUES('[18]',0,'main',1,'input','mirage','^line','','null',X'4d40320000000000004c');
INSERT INTO main VALUES('[19]',0,'main',1,'input','mirage','^line','> a blockquote...','null',X'4d40330000000000004c');
INSERT INTO main VALUES('[20]',0,'main',1,'input','mirage','^line','> ```','null',X'4d40340000000000004c');
INSERT INTO main VALUES('[21]',0,'main',1,'input','mirage','^line','> ...with code...','null',X'4d40350000000000004c');
INSERT INTO main VALUES('[22]',0,'main',1,'input','mirage','^line','> ```','null',X'4d40360000000000004c');
INSERT INTO main VALUES('[23]',0,'main',1,'input','mirage','^line','> ...is possible','null',X'4d40370000000000004c');
INSERT INTO main VALUES('[24]',0,'main',1,'input','mirage','^line','','null',X'4d40380000000000004c');
INSERT INTO main VALUES('[25]',0,'main',1,'input','mirage','^line','simple paragraphs;','null',X'4d40390000000000004c');
INSERT INTO main VALUES('[26]',0,'main',1,'input','mirage','^line','some shorter...','null',X'4d403a0000000000004c');
INSERT INTO main VALUES('[27]',0,'main',1,'input','mirage','^line','','null',X'4d403b0000000000004c');
INSERT INTO main VALUES('[28]',0,'main',1,'input','mirage','^line','','null',X'4d403c0000000000004c');
INSERT INTO main VALUES('[29]',0,'main',1,'input','mirage','^line','...some a bit longer','null',X'4d403d0000000000004c');
INSERT INTO main VALUES('[30]',0,'main',1,'input','mirage','^line','','null',X'4d403e0000000000004c');
INSERT INTO main VALUES('[31]',0,'main',1,'input','mirage','^line','> A blockquote comes in handy.','null',X'4d403f0000000000004c');
INSERT INTO main VALUES('[32]',0,'main',1,'input','mirage','^line','','null',X'4d40400000000000004c');
INSERT INTO main VALUES('[33]',0,'main',1,'input','mirage','^line','<ignore>','null',X'4d40408000000000004c');
INSERT INTO main VALUES('[34]',0,'main',1,'input','mirage','^line','ignored stuff','null',X'4d40410000000000004c');
INSERT INTO main VALUES('[35]',0,'main',1,'input','mirage','^line','</ignore>','null',X'4d40418000000000004c');
INSERT INTO main VALUES('[36]',0,'main',1,'input','mirage','^line','but at any rate','null',X'4d40420000000000004c');
INSERT INTO main VALUES('[37]',0,'main',1,'input','mirage','^line','just','null',X'4d40428000000000004c');
INSERT INTO main VALUES('[38]',0,'main',1,'input','mirage','^line','paragraphs','null',X'4d40430000000000004c');
INSERT INTO main VALUES('[39]',0,'main',1,'input','mirage','^line','','null',X'4d40438000000000004c');
INSERT INTO main VALUES('[40]',0,'main',1,'input','mirage','^line','EOF','null',X'4d40440000000000004c');
INSERT INTO main VALUES('[41]',1,'ignore',1,'input','stop','^line','<stop/>','null',X'4d40448000000000004c');
INSERT INTO main VALUES('[42]',1,'ignore',1,'input','stop','^line','','null',X'4d40450000000000004c');
INSERT INTO main VALUES('[43]',1,'ignore',1,'input','stop','^line','This part will be ignored','null',X'4d40458000000000004c');
INSERT INTO main VALUES('[5,0]',0,'main',1,'input','ws1/gbl','^blank',NULL,'{"linecount":1}',X'4d40140000000000004d00000000000000004c');
INSERT INTO main VALUES('[10,0]',0,'main',1,'input','ws1/gbl','^blank',NULL,'{"linecount":1}',X'4d40240000000000004d00000000000000004c');
INSERT INTO main VALUES('[14,0]',0,'main',1,'input','ws1/gbl','^blank',NULL,'{"linecount":1}',X'4d402c0000000000004d00000000000000004c');
INSERT INTO main VALUES('[18,0]',0,'main',1,'input','ws1/gbl','^blank',NULL,'{"linecount":1}',X'4d40320000000000004d00000000000000004c');
INSERT INTO main VALUES('[24,0]',0,'main',1,'input','ws1/gbl','^blank',NULL,'{"linecount":1}',X'4d40380000000000004d00000000000000004c');
INSERT INTO main VALUES('[27,0]',0,'main',1,'input','ws1/gbl','^blank',NULL,'{"linecount":2}',X'4d403b0000000000004d00000000000000004c');
INSERT INTO main VALUES('[30,0]',0,'main',1,'input','ws1/gbl','^blank',NULL,'{"linecount":1}',X'4d403e0000000000004d00000000000000004c');
INSERT INTO main VALUES('[32,0]',0,'main',1,'input','ws1/gbl','^blank',NULL,'{"linecount":1}',X'4d40400000000000004d00000000000000004c');
INSERT INTO main VALUES('[39,0]',0,'main',1,'input','ws1/gbl','^blank',NULL,'{"linecount":1}',X'4d40438000000000004d00000000000000004c');
INSERT INTO main VALUES('[40,1]',0,'main',1,'input','ws1/ebae2','^blank',NULL,'{"linecount":0}',X'4d40440000000000004d3ff00000000000004c');
INSERT INTO main VALUES('[40,0]',0,'main',1,'input','ws1/ebae2','^line','EOF','null',X'4d40440000000000004d00000000000000004c');
INSERT INTO main VALUES('[19,-1]',0,'main',1,'input','blk/bq5','<blockquote',NULL,'null',X'4d40330000000000004bc00fffffffffffff4c');
INSERT INTO main VALUES('[19,0]',0,'main',1,'input','blk/bq6','^line','a blockquote...','null',X'4d40330000000000004d00000000000000004c');
INSERT INTO main VALUES('[20,0]',0,'main',1,'input','blk/bq7','^line','```','null',X'4d40340000000000004d00000000000000004c');
INSERT INTO main VALUES('[21,0]',0,'main',1,'input','blk/bq7','^line','...with code...','null',X'4d40350000000000004d00000000000000004c');
INSERT INTO main VALUES('[22,0]',0,'main',1,'input','blk/bq7','^line','```','null',X'4d40360000000000004d00000000000000004c');
INSERT INTO main VALUES('[23,0]',0,'main',1,'input','blk/bq7','^line','...is possible','null',X'4d40370000000000004d00000000000000004c');
INSERT INTO main VALUES('[23,1]',0,'main',1,'input','blk/bq3','>blockquote',NULL,'null',X'4d40370000000000004d3ff00000000000004c');
INSERT INTO main VALUES('[31,-1]',0,'main',1,'input','blk/bq5','<blockquote',NULL,'null',X'4d403f0000000000004bc00fffffffffffff4c');
INSERT INTO main VALUES('[31,0]',0,'main',1,'input','blk/bq6','^line','A blockquote comes in handy.','null',X'4d403f0000000000004d00000000000000004c');
INSERT INTO main VALUES('[31,1]',0,'main',1,'input','blk/bq3','>blockquote',NULL,'null',X'4d403f0000000000004d3ff00000000000004c');
INSERT INTO main VALUES('[19,0,-1]',0,'main',1,'input','ws1/ebae1','^blank',NULL,'{"linecount":0}',X'4d40330000000000004d00000000000000004bc00fffffffffffff4c');
INSERT INTO main VALUES('[19,0,0]',0,'main',1,'input','ws1/ebae1','^line','a blockquote...','null',X'4d40330000000000004d00000000000000004d00000000000000004c');
INSERT INTO main VALUES('[23,0,1]',0,'main',1,'input','ws1/ebae2','^blank',NULL,'{"linecount":0}',X'4d40370000000000004d00000000000000004d3ff00000000000004c');
INSERT INTO main VALUES('[23,0,0]',0,'main',1,'input','ws1/ebae2','^line','...is possible','null',X'4d40370000000000004d00000000000000004d00000000000000004c');
INSERT INTO main VALUES('[20,-1]',0,'main',1,'input','blk/bq5','<blockquote',NULL,'null',X'4d40340000000000004bc00fffffffffffff4c');
INSERT INTO main VALUES('[20,0]',0,'main',1,'input','blk/bq6','^line','```','null',X'4d40340000000000004d00000000000000004c');
INSERT INTO main VALUES('[23,0]',0,'main',1,'input','blk/bq7','^line','...is possible','null',X'4d40370000000000004d00000000000000004c');
INSERT INTO main VALUES('[23,1]',0,'main',1,'input','blk/bq3','>blockquote',NULL,'null',X'4d40370000000000004d3ff00000000000004c');
INSERT INTO main VALUES('[31,0,-1]',0,'main',1,'input','ws1/ebae1','^blank',NULL,'{"linecount":0}',X'4d403f0000000000004d00000000000000004bc00fffffffffffff4c');
INSERT INTO main VALUES('[31,0,0]',0,'main',1,'input','ws1/ebae1','^line','A blockquote comes in handy.','null',X'4d403f0000000000004d00000000000000004d00000000000000004c');
INSERT INTO main VALUES('[31,0,1]',0,'main',1,'input','ws1/ebae1','^blank',NULL,'{"linecount":0}',X'4d403f0000000000004d00000000000000004d3ff00000000000004c');
INSERT INTO main VALUES('[20,0,-1]',0,'main',1,'input','ws1/ebae1','^blank',NULL,'{"linecount":0}',X'4d40340000000000004d00000000000000004bc00fffffffffffff4c');
INSERT INTO main VALUES('[20,0,0]',0,'main',1,'input','ws1/ebae1','^line','```','null',X'4d40340000000000004d00000000000000004d00000000000000004c');
INSERT INTO main VALUES('[23,0,1]',0,'main',1,'input','ws1/ebae2','^blank',NULL,'{"linecount":0}',X'4d40370000000000004d00000000000000004d3ff00000000000004c');
INSERT INTO main VALUES('[23,0,0]',0,'main',1,'input','ws1/ebae2','^line','...is possible','null',X'4d40370000000000004d00000000000000004d00000000000000004c');
INSERT INTO main VALUES('[23,-1]',0,'main',1,'input','blk/bq5','<blockquote',NULL,'null',X'4d40370000000000004bc00fffffffffffff4c');
INSERT INTO main VALUES('[23,0]',0,'main',1,'input','blk/bq6','^line','...is possible','null',X'4d40370000000000004d00000000000000004c');
INSERT INTO main VALUES('[23,1]',0,'main',1,'input','blk/bq3','>blockquote',NULL,'null',X'4d40370000000000004d3ff00000000000004c');
INSERT INTO main VALUES('[23,0,-1]',0,'main',1,'input','ws1/ebae1','^blank',NULL,'{"linecount":0}',X'4d40370000000000004d00000000000000004bc00fffffffffffff4c');
INSERT INTO main VALUES('[23,0,0]',0,'main',1,'input','ws1/ebae1','^line','...is possible','null',X'4d40370000000000004d00000000000000004d00000000000000004c');
INSERT INTO main VALUES('[23,0,1]',0,'main',1,'input','ws1/ebae2','^blank',NULL,'{"linecount":0}',X'4d40370000000000004d00000000000000004d3ff00000000000004c');
INSERT INTO main VALUES('[23,0,0]',0,'main',1,'input','ws1/ebae2','^line','...is possible','null',X'4d40370000000000004d00000000000000004d00000000000000004c');
INSERT INTO main VALUES('[6,-1]',0,'main',1,'input','pco/p2','<p',NULL,'null',X'4d40180000000000004bc00fffffffffffff4c');
INSERT INTO main VALUES('[10,0,0]',0,'main',1,'input','pco/p1','^blank',NULL,'{"linecount":1}',X'4d40240000000000004d00000000000000004d00000000000000004c');
INSERT INTO main VALUES('[10,0,-1]',0,'main',1,'input','pco/p1','>p',NULL,'null',X'4d40240000000000004d00000000000000004bc00fffffffffffff4c');
INSERT INTO main VALUES('[11,-1]',0,'main',1,'input','pco/p2','<p',NULL,'null',X'4d40260000000000004bc00fffffffffffff4c');
INSERT INTO main VALUES('[14,0,0]',0,'main',1,'input','pco/p1','^blank',NULL,'{"linecount":1}',X'4d402c0000000000004d00000000000000004d00000000000000004c');
INSERT INTO main VALUES('[14,0,-1]',0,'main',1,'input','pco/p1','>p',NULL,'null',X'4d402c0000000000004d00000000000000004bc00fffffffffffff4c');
INSERT INTO main VALUES('[15,-1]',0,'main',1,'input','pco/p2','<p',NULL,'null',X'4d402e0000000000004bc00fffffffffffff4c');
INSERT INTO main VALUES('[18,0,0]',0,'main',1,'input','pco/p1','^blank',NULL,'{"linecount":1}',X'4d40320000000000004d00000000000000004d00000000000000004c');
INSERT INTO main VALUES('[18,0,-1]',0,'main',1,'input','pco/p1','>p',NULL,'null',X'4d40320000000000004d00000000000000004bc00fffffffffffff4c');
INSERT INTO main VALUES('[19,-1]',0,'main',1,'input','pco/p2','<p',NULL,'null',X'4d40330000000000004bc00fffffffffffff4c');
INSERT INTO main VALUES('[19,0,-1,0]',0,'main',1,'input','pco/p1','^blank',NULL,'{"linecount":0}',X'4d40330000000000004d00000000000000004bc00fffffffffffff4d00000000000000004c');
INSERT INTO main VALUES('[19,0,-1,-1]',0,'main',1,'input','pco/p1','>p',NULL,'null',X'4d40330000000000004d00000000000000004bc00fffffffffffff4bc00fffffffffffff4c');
INSERT INTO main VALUES('[19,0,-1]',0,'main',1,'input','pco/p2','<p',NULL,'null',X'4d40330000000000004d00000000000000004bc00fffffffffffff4c');
INSERT INTO main VALUES('[20,0,-1,0]',0,'main',1,'input','pco/p1','^blank',NULL,'{"linecount":0}',X'4d40340000000000004d00000000000000004bc00fffffffffffff4d00000000000000004c');
INSERT INTO main VALUES('[20,0,-1,-1]',0,'main',1,'input','pco/p1','>p',NULL,'null',X'4d40340000000000004d00000000000000004bc00fffffffffffff4bc00fffffffffffff4c');
INSERT INTO main VALUES('[20,0,-1]',0,'main',1,'input','pco/p2','<p',NULL,'null',X'4d40340000000000004d00000000000000004bc00fffffffffffff4c');
INSERT INTO main VALUES('[23,0,-1,0]',0,'main',1,'input','pco/p1','^blank',NULL,'{"linecount":0}',X'4d40370000000000004d00000000000000004bc00fffffffffffff4d00000000000000004c');
INSERT INTO main VALUES('[23,0,-1,-1]',0,'main',1,'input','pco/p1','>p',NULL,'null',X'4d40370000000000004d00000000000000004bc00fffffffffffff4bc00fffffffffffff4c');
INSERT INTO main VALUES('[23,0,-1]',0,'main',1,'input','pco/p2','<p',NULL,'null',X'4d40370000000000004d00000000000000004bc00fffffffffffff4c');
INSERT INTO main VALUES('[23,0,1,0]',0,'main',1,'input','pco/p1','^blank',NULL,'{"linecount":0}',X'4d40370000000000004d00000000000000004d3ff00000000000004d00000000000000004c');
INSERT INTO main VALUES('[23,0,1,-1]',0,'main',1,'input','pco/p1','>p',NULL,'null',X'4d40370000000000004d00000000000000004d3ff00000000000004bc00fffffffffffff4c');
INSERT INTO main VALUES('[24,-1]',0,'main',1,'input','pco/p2','<p',NULL,'null',X'4d40380000000000004bc00fffffffffffff4c');
INSERT INTO main VALUES('[24,0,0]',0,'main',1,'input','pco/p1','^blank',NULL,'{"linecount":1}',X'4d40380000000000004d00000000000000004d00000000000000004c');
INSERT INTO main VALUES('[24,0,-1]',0,'main',1,'input','pco/p1','>p',NULL,'null',X'4d40380000000000004d00000000000000004bc00fffffffffffff4c');
INSERT INTO main VALUES('[25,-1]',0,'main',1,'input','pco/p2','<p',NULL,'null',X'4d40390000000000004bc00fffffffffffff4c');
INSERT INTO main VALUES('[27,0,0]',0,'main',1,'input','pco/p1','^blank',NULL,'{"linecount":2}',X'4d403b0000000000004d00000000000000004d00000000000000004c');
INSERT INTO main VALUES('[27,0,-1]',0,'main',1,'input','pco/p1','>p',NULL,'null',X'4d403b0000000000004d00000000000000004bc00fffffffffffff4c');
INSERT INTO main VALUES('[28,-1]',0,'main',1,'input','pco/p2','<p',NULL,'null',X'4d403c0000000000004bc00fffffffffffff4c');
INSERT INTO main VALUES('[30,0,0]',0,'main',1,'input','pco/p1','^blank',NULL,'{"linecount":1}',X'4d403e0000000000004d00000000000000004d00000000000000004c');
INSERT INTO main VALUES('[30,0,-1]',0,'main',1,'input','pco/p1','>p',NULL,'null',X'4d403e0000000000004d00000000000000004bc00fffffffffffff4c');
INSERT INTO main VALUES('[31,-1]',0,'main',1,'input','pco/p2','<p',NULL,'null',X'4d403f0000000000004bc00fffffffffffff4c');
INSERT INTO main VALUES('[31,0,-1,0]',0,'main',1,'input','pco/p1','^blank',NULL,'{"linecount":0}',X'4d403f0000000000004d00000000000000004bc00fffffffffffff4d00000000000000004c');
INSERT INTO main VALUES('[31,0,-1,-1]',0,'main',1,'input','pco/p1','>p',NULL,'null',X'4d403f0000000000004d00000000000000004bc00fffffffffffff4bc00fffffffffffff4c');
INSERT INTO main VALUES('[31,0,-1]',0,'main',1,'input','pco/p2','<p',NULL,'null',X'4d403f0000000000004d00000000000000004bc00fffffffffffff4c');
INSERT INTO main VALUES('[31,0,1,0]',0,'main',1,'input','pco/p1','^blank',NULL,'{"linecount":0}',X'4d403f0000000000004d00000000000000004d3ff00000000000004d00000000000000004c');
INSERT INTO main VALUES('[31,0,1,-1]',0,'main',1,'input','pco/p1','>p',NULL,'null',X'4d403f0000000000004d00000000000000004d3ff00000000000004bc00fffffffffffff4c');
INSERT INTO main VALUES('[32,-1]',0,'main',1,'input','pco/p2','<p',NULL,'null',X'4d40400000000000004bc00fffffffffffff4c');
INSERT INTO main VALUES('[32,0,0]',0,'main',1,'input','pco/p1','^blank',NULL,'{"linecount":1}',X'4d40400000000000004d00000000000000004d00000000000000004c');
INSERT INTO main VALUES('[32,0,-1]',0,'main',1,'input','pco/p1','>p',NULL,'null',X'4d40400000000000004d00000000000000004bc00fffffffffffff4c');
INSERT INTO main VALUES('[33,-1]',0,'main',1,'input','pco/p2','<p',NULL,'null',X'4d40408000000000004bc00fffffffffffff4c');
INSERT INTO main VALUES('[39,0,0]',0,'main',1,'input','pco/p1','^blank',NULL,'{"linecount":1}',X'4d40438000000000004d00000000000000004d00000000000000004c');
INSERT INTO main VALUES('[39,0,-1]',0,'main',1,'input','pco/p1','>p',NULL,'null',X'4d40438000000000004d00000000000000004bc00fffffffffffff4c');
INSERT INTO main VALUES('[40,-1]',0,'main',1,'input','pco/p2','<p',NULL,'null',X'4d40440000000000004bc00fffffffffffff4c');
INSERT INTO main VALUES('[40,1,0]',0,'main',1,'input','pco/p1','^blank',NULL,'{"linecount":0}',X'4d40440000000000004d3ff00000000000004d00000000000000004c');
INSERT INTO main VALUES('[40,1,-1]',0,'main',1,'input','pco/p1','>p',NULL,'null',X'4d40440000000000004d3ff00000000000004bc00fffffffffffff4c');
INSERT INTO main VALUES('[5,0]',0,'main',1,'input','pco/asp','^hunk','','null',X'4d40140000000000004d00000000000000004c');
INSERT INTO main VALUES('[6,0]',0,'main',1,'input','pco/asp','^hunk',replace('```\ncodeblock line 1\ncodeblock line 2\n```\n','\n',char(10)),'null',X'4d40180000000000004d00000000000000004c');
INSERT INTO main VALUES('[11,0]',0,'main',1,'input','pco/asp','^hunk',replace('<append dest=front realm=tex>\n<raw>% This will only appear in TeX source code before `\\begin{document}`</raw>\n</append>\n','\n',char(10)),'null',X'4d40260000000000004d00000000000000004c');
INSERT INTO main VALUES('[15,0]',0,'main',1,'input','pco/asp','^hunk',replace('<append dest=front realm=html>\n<raw>< !-- This will only appear in HTML source code in the `<head>` section --></raw>\n</append>\n','\n',char(10)),'null',X'4d402e0000000000004d00000000000000004c');
INSERT INTO main VALUES('[19,0]',0,'main',1,'input','pco/asp','^hunk','> a blockquote...','null',X'4d40330000000000004d00000000000000004c');
INSERT INTO main VALUES('[19,0,0]',0,'main',1,'input','pco/asp','^hunk',replace('a blockquote...\na blockquote...','\n',char(10)),'null',X'4d40330000000000004d00000000000000004d00000000000000004c');
INSERT INTO main VALUES('[20,0]',0,'main',1,'input','pco/asp','^hunk','> ```','null',X'4d40340000000000004d00000000000000004c');
INSERT INTO main VALUES('[20,0,0]',0,'main',1,'input','pco/asp','^hunk',replace('```\n```\n```\n> ...with code...\n...with code...\n> ```\n```','\n',char(10)),'null',X'4d40340000000000004d00000000000000004d00000000000000004c');
INSERT INTO main VALUES('[23,0]',0,'main',1,'input','pco/asp','^hunk','> ...is possible','null',X'4d40370000000000004d00000000000000004c');
INSERT INTO main VALUES('[23,0,0]',0,'main',1,'input','pco/asp','^hunk',replace('...is possible\n...is possible\n...is possible\n...is possible\n...is possible\n...is possible\n...is possible','\n',char(10)),'null',X'4d40370000000000004d00000000000000004d00000000000000004c');
INSERT INTO main VALUES('[24,0]',0,'main',1,'input','pco/asp','^hunk','','null',X'4d40380000000000004d00000000000000004c');
INSERT INTO main VALUES('[25,0]',0,'main',1,'input','pco/asp','^hunk',replace('simple paragraphs;\nsome shorter...\n','\n',char(10)),'null',X'4d40390000000000004d00000000000000004c');
INSERT INTO main VALUES('[28,0]',0,'main',1,'input','pco/asp','^hunk',replace('\n...some a bit longer\n','\n',char(10)),'null',X'4d403c0000000000004d00000000000000004c');
INSERT INTO main VALUES('[31,0]',0,'main',1,'input','pco/asp','^hunk','> A blockquote comes in handy.','null',X'4d403f0000000000004d00000000000000004c');
INSERT INTO main VALUES('[31,0,0]',0,'main',1,'input','pco/asp','^hunk',replace('A blockquote comes in handy.\nA blockquote comes in handy.','\n',char(10)),'null',X'4d403f0000000000004d00000000000000004d00000000000000004c');
INSERT INTO main VALUES('[32,0]',0,'main',1,'input','pco/asp','^hunk','','null',X'4d40400000000000004d00000000000000004c');
INSERT INTO main VALUES('[33,0]',0,'main',1,'input','pco/asp','^hunk',replace('<ignore>\nignored stuff\n</ignore>\nbut at any rate\njust\nparagraphs\n','\n',char(10)),'null',X'4d40408000000000004d00000000000000004c');
INSERT INTO main VALUES('[40,0]',0,'main',1,'input','pco/asp','^hunk',replace('EOF\nEOF','\n',char(10)),'null',X'4d40440000000000004d00000000000000004c');
INSERT INTO main VALUES('[5,0,0]',0,'main',1,'input','mdi/prs','^mktscript','','null',X'4d40140000000000004d00000000000000004d00000000000000004c');
INSERT INTO main VALUES('[6,0,0]',0,'main',1,'input','mdi/prs','^mktscript',replace('<code>codeblock line 1 codeblock line 2</code>\n','\n',char(10)),'null',X'4d40180000000000004d00000000000000004d00000000000000004c');
INSERT INTO main VALUES('[11,0,0]',0,'main',1,'input','mdi/prs','^mktscript',replace('<append dest=front realm=tex>\n<raw>% This will only appear in TeX source code before <code>\\begin{document}</code></raw>\n</append>\n','\n',char(10)),'null',X'4d40260000000000004d00000000000000004d00000000000000004c');
INSERT INTO main VALUES('[15,0,0]',0,'main',1,'input','mdi/prs','^mktscript',replace('<append dest=front realm=html>\n<raw>< !-- This will only appear in HTML source code in the `<head>` section --&gt;</raw>\n</append>\n','\n',char(10)),'null',X'4d402e0000000000004d00000000000000004d00000000000000004c');
INSERT INTO main VALUES('[19,0,0]',0,'main',1,'input','mdi/prs','^mktscript','&gt; a blockquote...','null',X'4d40330000000000004d00000000000000004d00000000000000004c');
INSERT INTO main VALUES('[19,0,0,0]',0,'main',1,'input','mdi/prs','^mktscript',replace('a blockquote...\na blockquote...','\n',char(10)),'null',X'4d40330000000000004d00000000000000004d00000000000000004d00000000000000004c');
INSERT INTO main VALUES('[20,0,0]',0,'main',1,'input','mdi/prs','^mktscript','&gt; ```','null',X'4d40340000000000004d00000000000000004d00000000000000004c');
INSERT INTO main VALUES('[20,0,0,0]',0,'main',1,'input','mdi/prs','^mktscript',replace('<code> </code>\n<code>&gt; ...with code... ...with code... &gt;</code>\n```','\n',char(10)),'null',X'4d40340000000000004d00000000000000004d00000000000000004d00000000000000004c');
INSERT INTO main VALUES('[23,0,0]',0,'main',1,'input','mdi/prs','^mktscript','&gt; ...is possible','null',X'4d40370000000000004d00000000000000004d00000000000000004c');
INSERT INTO main VALUES('[23,0,0,0]',0,'main',1,'input','mdi/prs','^mktscript',replace('...is possible\n...is possible\n...is possible\n...is possible\n...is possible\n...is possible\n...is possible','\n',char(10)),'null',X'4d40370000000000004d00000000000000004d00000000000000004d00000000000000004c');
INSERT INTO main VALUES('[24,0,0]',0,'main',1,'input','mdi/prs','^mktscript','','null',X'4d40380000000000004d00000000000000004d00000000000000004c');
INSERT INTO main VALUES('[25,0,0]',0,'main',1,'input','mdi/prs','^mktscript',replace('simple paragraphs;\nsome shorter...\n','\n',char(10)),'null',X'4d40390000000000004d00000000000000004d00000000000000004c');
INSERT INTO main VALUES('[28,0,0]',0,'main',1,'input','mdi/prs','^mktscript',replace('\n...some a bit longer\n','\n',char(10)),'null',X'4d403c0000000000004d00000000000000004d00000000000000004c');
INSERT INTO main VALUES('[31,0,0]',0,'main',1,'input','mdi/prs','^mktscript','&gt; A blockquote comes in handy.','null',X'4d403f0000000000004d00000000000000004d00000000000000004c');
INSERT INTO main VALUES('[31,0,0,0]',0,'main',1,'input','mdi/prs','^mktscript',replace('A blockquote comes in handy.\nA blockquote comes in handy.','\n',char(10)),'null',X'4d403f0000000000004d00000000000000004d00000000000000004d00000000000000004c');
INSERT INTO main VALUES('[32,0,0]',0,'main',1,'input','mdi/prs','^mktscript','','null',X'4d40400000000000004d00000000000000004d00000000000000004c');
INSERT INTO main VALUES('[33,0,0]',0,'main',1,'input','mdi/prs','^mktscript',replace('<ignore>\nignored stuff\n</ignore>\nbut at any rate\njust\nparagraphs\n','\n',char(10)),'null',X'4d40408000000000004d00000000000000004d00000000000000004c');
INSERT INTO main VALUES('[40,0,0]',0,'main',1,'input','mdi/prs','^mktscript',replace('EOF\nEOF','\n',char(10)),'null',X'4d40440000000000004d00000000000000004d00000000000000004c');
INSERT INTO main VALUES('[5]',0,'main',1,'html','mirage','^line','','null',X'4d40140000000000004c');
INSERT INTO main VALUES('[6]',0,'main',1,'html','mirage','^line','```','null',X'4d40180000000000004c');
INSERT INTO main VALUES('[7]',0,'main',1,'html','mirage','^line','codeblock line 1','null',X'4d401c0000000000004c');
INSERT INTO main VALUES('[8]',0,'main',1,'html','mirage','^line','codeblock line 2','null',X'4d40200000000000004c');
INSERT INTO main VALUES('[9]',0,'main',1,'html','mirage','^line','```','null',X'4d40220000000000004c');
INSERT INTO main VALUES('[10]',0,'main',1,'html','mirage','^line','','null',X'4d40240000000000004c');
INSERT INTO main VALUES('[11]',0,'main',1,'html','mirage','^line','<append dest=front realm=tex>','null',X'4d40260000000000004c');
INSERT INTO main VALUES('[12]',0,'main',1,'html','mirage','^line','<raw>% This will only appear in TeX source code before `\\begin{document}`</raw>','null',X'4d40280000000000004c');
INSERT INTO main VALUES('[13]',0,'main',1,'html','mirage','^line','</append>','null',X'4d402a0000000000004c');
INSERT INTO main VALUES('[14]',0,'main',1,'html','mirage','^line','','null',X'4d402c0000000000004c');
INSERT INTO main VALUES('[15]',0,'main',1,'html','mirage','^line','<append dest=front realm=html>','null',X'4d402e0000000000004c');
INSERT INTO main VALUES('[16]',0,'main',1,'html','mirage','^line','<raw>< !-- This will only appear in HTML source code in the `<head>` section --></raw>','null',X'4d40300000000000004c');
INSERT INTO main VALUES('[17]',0,'main',1,'html','mirage','^line','</append>','null',X'4d40310000000000004c');
INSERT INTO main VALUES('[18]',0,'main',1,'html','mirage','^line','','null',X'4d40320000000000004c');
INSERT INTO main VALUES('[19]',0,'main',1,'html','mirage','^line','> a blockquote...','null',X'4d40330000000000004c');
INSERT INTO main VALUES('[20]',0,'main',1,'html','mirage','^line','> ```','null',X'4d40340000000000004c');
INSERT INTO main VALUES('[21]',0,'main',1,'html','mirage','^line','> ...with code...','null',X'4d40350000000000004c');
INSERT INTO main VALUES('[22]',0,'main',1,'html','mirage','^line','> ```','null',X'4d40360000000000004c');
INSERT INTO main VALUES('[23]',0,'main',1,'html','mirage','^line','> ...is possible','null',X'4d40370000000000004c');
INSERT INTO main VALUES('[24]',0,'main',1,'html','mirage','^line','','null',X'4d40380000000000004c');
INSERT INTO main VALUES('[25]',0,'main',1,'html','mirage','^line','simple paragraphs;','null',X'4d40390000000000004c');
INSERT INTO main VALUES('[26]',0,'main',1,'html','mirage','^line','some shorter...','null',X'4d403a0000000000004c');
INSERT INTO main VALUES('[27]',0,'main',1,'html','mirage','^line','','null',X'4d403b0000000000004c');
INSERT INTO main VALUES('[28]',0,'main',1,'html','mirage','^line','','null',X'4d403c0000000000004c');
INSERT INTO main VALUES('[29]',0,'main',1,'html','mirage','^line','...some a bit longer','null',X'4d403d0000000000004c');
INSERT INTO main VALUES('[30]',0,'main',1,'html','mirage','^line','','null',X'4d403e0000000000004c');
INSERT INTO main VALUES('[31]',0,'main',1,'html','mirage','^line','> A blockquote comes in handy.','null',X'4d403f0000000000004c');
INSERT INTO main VALUES('[32]',0,'main',1,'html','mirage','^line','','null',X'4d40400000000000004c');
INSERT INTO main VALUES('[33]',0,'main',1,'html','mirage','^line','<ignore>','null',X'4d40408000000000004c');
INSERT INTO main VALUES('[34]',0,'main',1,'html','mirage','^line','ignored stuff','null',X'4d40410000000000004c');
INSERT INTO main VALUES('[35]',0,'main',1,'html','mirage','^line','</ignore>','null',X'4d40418000000000004c');
INSERT INTO main VALUES('[36]',0,'main',1,'html','mirage','^line','but at any rate','null',X'4d40420000000000004c');
INSERT INTO main VALUES('[37]',0,'main',1,'html','mirage','^line','just','null',X'4d40428000000000004c');
INSERT INTO main VALUES('[38]',0,'main',1,'html','mirage','^line','paragraphs','null',X'4d40430000000000004c');
INSERT INTO main VALUES('[39]',0,'main',1,'html','mirage','^line','','null',X'4d40438000000000004c');
INSERT INTO main VALUES('[40]',0,'main',1,'html','mirage','^line','EOF','null',X'4d40440000000000004c');
INSERT INTO main VALUES('[5,0]',0,'main',1,'html','ws1/gbl','^blank',NULL,'{"linecount":1}',X'4d40140000000000004d00000000000000004c');
INSERT INTO main VALUES('[10,0]',0,'main',1,'html','ws1/gbl','^blank',NULL,'{"linecount":1}',X'4d40240000000000004d00000000000000004c');
INSERT INTO main VALUES('[14,0]',0,'main',1,'html','ws1/gbl','^blank',NULL,'{"linecount":1}',X'4d402c0000000000004d00000000000000004c');
INSERT INTO main VALUES('[18,0]',0,'main',1,'html','ws1/gbl','^blank',NULL,'{"linecount":1}',X'4d40320000000000004d00000000000000004c');
INSERT INTO main VALUES('[24,0]',0,'main',1,'html','ws1/gbl','^blank',NULL,'{"linecount":1}',X'4d40380000000000004d00000000000000004c');
INSERT INTO main VALUES('[27,0]',0,'main',1,'html','ws1/gbl','^blank',NULL,'{"linecount":2}',X'4d403b0000000000004d00000000000000004c');
INSERT INTO main VALUES('[30,0]',0,'main',1,'html','ws1/gbl','^blank',NULL,'{"linecount":1}',X'4d403e0000000000004d00000000000000004c');
INSERT INTO main VALUES('[32,0]',0,'main',1,'html','ws1/gbl','^blank',NULL,'{"linecount":1}',X'4d40400000000000004d00000000000000004c');
INSERT INTO main VALUES('[39,0]',0,'main',1,'html','ws1/gbl','^blank',NULL,'{"linecount":1}',X'4d40438000000000004d00000000000000004c');
INSERT INTO main VALUES('[40,1]',0,'main',1,'html','ws1/ebae2','^blank',NULL,'{"linecount":0}',X'4d40440000000000004d3ff00000000000004c');
INSERT INTO main VALUES('[40,0]',0,'main',1,'html','ws1/ebae2','^line','EOF','null',X'4d40440000000000004d00000000000000004c');
INSERT INTO main VALUES('[19,-1]',0,'main',1,'html','blk/bq5','<blockquote',NULL,'null',X'4d40330000000000004bc00fffffffffffff4c');
INSERT INTO main VALUES('[19,0]',0,'main',1,'html','blk/bq6','^line','a blockquote...','null',X'4d40330000000000004d00000000000000004c');
INSERT INTO main VALUES('[20,0]',0,'main',1,'html','blk/bq7','^line','```','null',X'4d40340000000000004d00000000000000004c');
INSERT INTO main VALUES('[21,0]',0,'main',1,'html','blk/bq7','^line','...with code...','null',X'4d40350000000000004d00000000000000004c');
INSERT INTO main VALUES('[22,0]',0,'main',1,'html','blk/bq7','^line','```','null',X'4d40360000000000004d00000000000000004c');
INSERT INTO main VALUES('[23,0]',0,'main',1,'html','blk/bq7','^line','...is possible','null',X'4d40370000000000004d00000000000000004c');
INSERT INTO main VALUES('[23,1]',0,'main',1,'html','blk/bq3','>blockquote',NULL,'null',X'4d40370000000000004d3ff00000000000004c');
INSERT INTO main VALUES('[31,-1]',0,'main',1,'html','blk/bq5','<blockquote',NULL,'null',X'4d403f0000000000004bc00fffffffffffff4c');
INSERT INTO main VALUES('[31,0]',0,'main',1,'html','blk/bq6','^line','A blockquote comes in handy.','null',X'4d403f0000000000004d00000000000000004c');
INSERT INTO main VALUES('[31,1]',0,'main',1,'html','blk/bq3','>blockquote',NULL,'null',X'4d403f0000000000004d3ff00000000000004c');
INSERT INTO main VALUES('[19,0,-1]',0,'main',1,'html','ws1/ebae1','^blank',NULL,'{"linecount":0}',X'4d40330000000000004d00000000000000004bc00fffffffffffff4c');
INSERT INTO main VALUES('[19,0,0]',0,'main',1,'html','ws1/ebae1','^line','a blockquote...','null',X'4d40330000000000004d00000000000000004d00000000000000004c');
INSERT INTO main VALUES('[23,0,1]',0,'main',1,'html','ws1/ebae2','^blank',NULL,'{"linecount":0}',X'4d40370000000000004d00000000000000004d3ff00000000000004c');
INSERT INTO main VALUES('[23,0,0]',0,'main',1,'html','ws1/ebae2','^line','...is possible','null',X'4d40370000000000004d00000000000000004d00000000000000004c');
INSERT INTO main VALUES('[20,-1]',0,'main',1,'html','blk/bq5','<blockquote',NULL,'null',X'4d40340000000000004bc00fffffffffffff4c');
INSERT INTO main VALUES('[20,0]',0,'main',1,'html','blk/bq6','^line','```','null',X'4d40340000000000004d00000000000000004c');
INSERT INTO main VALUES('[23,0]',0,'main',1,'html','blk/bq7','^line','...is possible','null',X'4d40370000000000004d00000000000000004c');
INSERT INTO main VALUES('[23,1]',0,'main',1,'html','blk/bq3','>blockquote',NULL,'null',X'4d40370000000000004d3ff00000000000004c');
INSERT INTO main VALUES('[31,0,-1]',0,'main',1,'html','ws1/ebae1','^blank',NULL,'{"linecount":0}',X'4d403f0000000000004d00000000000000004bc00fffffffffffff4c');
INSERT INTO main VALUES('[31,0,0]',0,'main',1,'html','ws1/ebae1','^line','A blockquote comes in handy.','null',X'4d403f0000000000004d00000000000000004d00000000000000004c');
INSERT INTO main VALUES('[31,0,1]',0,'main',1,'html','ws1/ebae1','^blank',NULL,'{"linecount":0}',X'4d403f0000000000004d00000000000000004d3ff00000000000004c');
INSERT INTO main VALUES('[20,0,-1]',0,'main',1,'html','ws1/ebae1','^blank',NULL,'{"linecount":0}',X'4d40340000000000004d00000000000000004bc00fffffffffffff4c');
INSERT INTO main VALUES('[20,0,0]',0,'main',1,'html','ws1/ebae1','^line','```','null',X'4d40340000000000004d00000000000000004d00000000000000004c');
INSERT INTO main VALUES('[23,0,1]',0,'main',1,'html','ws1/ebae2','^blank',NULL,'{"linecount":0}',X'4d40370000000000004d00000000000000004d3ff00000000000004c');
INSERT INTO main VALUES('[23,0,0]',0,'main',1,'html','ws1/ebae2','^line','...is possible','null',X'4d40370000000000004d00000000000000004d00000000000000004c');
INSERT INTO main VALUES('[23,-1]',0,'main',1,'html','blk/bq5','<blockquote',NULL,'null',X'4d40370000000000004bc00fffffffffffff4c');
INSERT INTO main VALUES('[23,0]',0,'main',1,'html','blk/bq6','^line','...is possible','null',X'4d40370000000000004d00000000000000004c');
INSERT INTO main VALUES('[23,1]',0,'main',1,'html','blk/bq3','>blockquote',NULL,'null',X'4d40370000000000004d3ff00000000000004c');
INSERT INTO main VALUES('[23,0,-1]',0,'main',1,'html','ws1/ebae1','^blank',NULL,'{"linecount":0}',X'4d40370000000000004d00000000000000004bc00fffffffffffff4c');
INSERT INTO main VALUES('[23,0,0]',0,'main',1,'html','ws1/ebae1','^line','...is possible','null',X'4d40370000000000004d00000000000000004d00000000000000004c');
INSERT INTO main VALUES('[23,0,1]',0,'main',1,'html','ws1/ebae2','^blank',NULL,'{"linecount":0}',X'4d40370000000000004d00000000000000004d3ff00000000000004c');
INSERT INTO main VALUES('[23,0,0]',0,'main',1,'html','ws1/ebae2','^line','...is possible','null',X'4d40370000000000004d00000000000000004d00000000000000004c');
INSERT INTO main VALUES('[6,-1]',0,'main',1,'html','pco/p2','<p',NULL,'null',X'4d40180000000000004bc00fffffffffffff4c');
INSERT INTO main VALUES('[10,0,0]',0,'main',1,'html','pco/p1','^blank',NULL,'{"linecount":1}',X'4d40240000000000004d00000000000000004d00000000000000004c');
INSERT INTO main VALUES('[10,0,-1]',0,'main',1,'html','pco/p1','>p',NULL,'null',X'4d40240000000000004d00000000000000004bc00fffffffffffff4c');
INSERT INTO main VALUES('[11,-1]',0,'main',1,'html','pco/p2','<p',NULL,'null',X'4d40260000000000004bc00fffffffffffff4c');
INSERT INTO main VALUES('[14,0,0]',0,'main',1,'html','pco/p1','^blank',NULL,'{"linecount":1}',X'4d402c0000000000004d00000000000000004d00000000000000004c');
INSERT INTO main VALUES('[14,0,-1]',0,'main',1,'html','pco/p1','>p',NULL,'null',X'4d402c0000000000004d00000000000000004bc00fffffffffffff4c');
INSERT INTO main VALUES('[15,-1]',0,'main',1,'html','pco/p2','<p',NULL,'null',X'4d402e0000000000004bc00fffffffffffff4c');
INSERT INTO main VALUES('[18,0,0]',0,'main',1,'html','pco/p1','^blank',NULL,'{"linecount":1}',X'4d40320000000000004d00000000000000004d00000000000000004c');
INSERT INTO main VALUES('[18,0,-1]',0,'main',1,'html','pco/p1','>p',NULL,'null',X'4d40320000000000004d00000000000000004bc00fffffffffffff4c');
INSERT INTO main VALUES('[19,-1]',0,'main',1,'html','pco/p2','<p',NULL,'null',X'4d40330000000000004bc00fffffffffffff4c');
INSERT INTO main VALUES('[19,0,-1,0]',0,'main',1,'html','pco/p1','^blank',NULL,'{"linecount":0}',X'4d40330000000000004d00000000000000004bc00fffffffffffff4d00000000000000004c');
INSERT INTO main VALUES('[19,0,-1,-1]',0,'main',1,'html','pco/p1','>p',NULL,'null',X'4d40330000000000004d00000000000000004bc00fffffffffffff4bc00fffffffffffff4c');
INSERT INTO main VALUES('[19,0,-1]',0,'main',1,'html','pco/p2','<p',NULL,'null',X'4d40330000000000004d00000000000000004bc00fffffffffffff4c');
INSERT INTO main VALUES('[20,0,-1,0]',0,'main',1,'html','pco/p1','^blank',NULL,'{"linecount":0}',X'4d40340000000000004d00000000000000004bc00fffffffffffff4d00000000000000004c');
INSERT INTO main VALUES('[20,0,-1,-1]',0,'main',1,'html','pco/p1','>p',NULL,'null',X'4d40340000000000004d00000000000000004bc00fffffffffffff4bc00fffffffffffff4c');
INSERT INTO main VALUES('[20,0,-1]',0,'main',1,'html','pco/p2','<p',NULL,'null',X'4d40340000000000004d00000000000000004bc00fffffffffffff4c');
INSERT INTO main VALUES('[23,0,-1,0]',0,'main',1,'html','pco/p1','^blank',NULL,'{"linecount":0}',X'4d40370000000000004d00000000000000004bc00fffffffffffff4d00000000000000004c');
INSERT INTO main VALUES('[23,0,-1,-1]',0,'main',1,'html','pco/p1','>p',NULL,'null',X'4d40370000000000004d00000000000000004bc00fffffffffffff4bc00fffffffffffff4c');
INSERT INTO main VALUES('[23,0,-1]',0,'main',1,'html','pco/p2','<p',NULL,'null',X'4d40370000000000004d00000000000000004bc00fffffffffffff4c');
INSERT INTO main VALUES('[23,0,1,0]',0,'main',1,'html','pco/p1','^blank',NULL,'{"linecount":0}',X'4d40370000000000004d00000000000000004d3ff00000000000004d00000000000000004c');
INSERT INTO main VALUES('[23,0,1,-1]',0,'main',1,'html','pco/p1','>p',NULL,'null',X'4d40370000000000004d00000000000000004d3ff00000000000004bc00fffffffffffff4c');
INSERT INTO main VALUES('[24,-1]',0,'main',1,'html','pco/p2','<p',NULL,'null',X'4d40380000000000004bc00fffffffffffff4c');
INSERT INTO main VALUES('[24,0,0]',0,'main',1,'html','pco/p1','^blank',NULL,'{"linecount":1}',X'4d40380000000000004d00000000000000004d00000000000000004c');
INSERT INTO main VALUES('[24,0,-1]',0,'main',1,'html','pco/p1','>p',NULL,'null',X'4d40380000000000004d00000000000000004bc00fffffffffffff4c');
INSERT INTO main VALUES('[25,-1]',0,'main',1,'html','pco/p2','<p',NULL,'null',X'4d40390000000000004bc00fffffffffffff4c');
INSERT INTO main VALUES('[27,0,0]',0,'main',1,'html','pco/p1','^blank',NULL,'{"linecount":2}',X'4d403b0000000000004d00000000000000004d00000000000000004c');
INSERT INTO main VALUES('[27,0,-1]',0,'main',1,'html','pco/p1','>p',NULL,'null',X'4d403b0000000000004d00000000000000004bc00fffffffffffff4c');
INSERT INTO main VALUES('[28,-1]',0,'main',1,'html','pco/p2','<p',NULL,'null',X'4d403c0000000000004bc00fffffffffffff4c');
INSERT INTO main VALUES('[30,0,0]',0,'main',1,'html','pco/p1','^blank',NULL,'{"linecount":1}',X'4d403e0000000000004d00000000000000004d00000000000000004c');
INSERT INTO main VALUES('[30,0,-1]',0,'main',1,'html','pco/p1','>p',NULL,'null',X'4d403e0000000000004d00000000000000004bc00fffffffffffff4c');
INSERT INTO main VALUES('[31,-1]',0,'main',1,'html','pco/p2','<p',NULL,'null',X'4d403f0000000000004bc00fffffffffffff4c');
INSERT INTO main VALUES('[31,0,-1,0]',0,'main',1,'html','pco/p1','^blank',NULL,'{"linecount":0}',X'4d403f0000000000004d00000000000000004bc00fffffffffffff4d00000000000000004c');
INSERT INTO main VALUES('[31,0,-1,-1]',0,'main',1,'html','pco/p1','>p',NULL,'null',X'4d403f0000000000004d00000000000000004bc00fffffffffffff4bc00fffffffffffff4c');
INSERT INTO main VALUES('[31,0,-1]',0,'main',1,'html','pco/p2','<p',NULL,'null',X'4d403f0000000000004d00000000000000004bc00fffffffffffff4c');
INSERT INTO main VALUES('[31,0,1,0]',0,'main',1,'html','pco/p1','^blank',NULL,'{"linecount":0}',X'4d403f0000000000004d00000000000000004d3ff00000000000004d00000000000000004c');
INSERT INTO main VALUES('[31,0,1,-1]',0,'main',1,'html','pco/p1','>p',NULL,'null',X'4d403f0000000000004d00000000000000004d3ff00000000000004bc00fffffffffffff4c');
INSERT INTO main VALUES('[32,-1]',0,'main',1,'html','pco/p2','<p',NULL,'null',X'4d40400000000000004bc00fffffffffffff4c');
INSERT INTO main VALUES('[32,0,0]',0,'main',1,'html','pco/p1','^blank',NULL,'{"linecount":1}',X'4d40400000000000004d00000000000000004d00000000000000004c');
INSERT INTO main VALUES('[32,0,-1]',0,'main',1,'html','pco/p1','>p',NULL,'null',X'4d40400000000000004d00000000000000004bc00fffffffffffff4c');
INSERT INTO main VALUES('[33,-1]',0,'main',1,'html','pco/p2','<p',NULL,'null',X'4d40408000000000004bc00fffffffffffff4c');
INSERT INTO main VALUES('[39,0,0]',0,'main',1,'html','pco/p1','^blank',NULL,'{"linecount":1}',X'4d40438000000000004d00000000000000004d00000000000000004c');
INSERT INTO main VALUES('[39,0,-1]',0,'main',1,'html','pco/p1','>p',NULL,'null',X'4d40438000000000004d00000000000000004bc00fffffffffffff4c');
INSERT INTO main VALUES('[40,-1]',0,'main',1,'html','pco/p2','<p',NULL,'null',X'4d40440000000000004bc00fffffffffffff4c');
INSERT INTO main VALUES('[40,1,0]',0,'main',1,'html','pco/p1','^blank',NULL,'{"linecount":0}',X'4d40440000000000004d3ff00000000000004d00000000000000004c');
INSERT INTO main VALUES('[40,1,-1]',0,'main',1,'html','pco/p1','>p',NULL,'null',X'4d40440000000000004d3ff00000000000004bc00fffffffffffff4c');
INSERT INTO main VALUES('[5,0]',0,'main',1,'html','pco/asp','^hunk','','null',X'4d40140000000000004d00000000000000004c');
INSERT INTO main VALUES('[6,0]',0,'main',1,'html','pco/asp','^hunk',replace('```\ncodeblock line 1\ncodeblock line 2\n```\n','\n',char(10)),'null',X'4d40180000000000004d00000000000000004c');
INSERT INTO main VALUES('[11,0]',0,'main',1,'html','pco/asp','^hunk',replace('<append dest=front realm=tex>\n<raw>% This will only appear in TeX source code before `\\begin{document}`</raw>\n</append>\n','\n',char(10)),'null',X'4d40260000000000004d00000000000000004c');
INSERT INTO main VALUES('[15,0]',0,'main',1,'html','pco/asp','^hunk',replace('<append dest=front realm=html>\n<raw>< !-- This will only appear in HTML source code in the `<head>` section --></raw>\n</append>\n','\n',char(10)),'null',X'4d402e0000000000004d00000000000000004c');
INSERT INTO main VALUES('[19,0]',0,'main',1,'html','pco/asp','^hunk','> a blockquote...','null',X'4d40330000000000004d00000000000000004c');
INSERT INTO main VALUES('[19,0,0]',0,'main',1,'html','pco/asp','^hunk',replace('a blockquote...\na blockquote...','\n',char(10)),'null',X'4d40330000000000004d00000000000000004d00000000000000004c');
INSERT INTO main VALUES('[20,0]',0,'main',1,'html','pco/asp','^hunk','> ```','null',X'4d40340000000000004d00000000000000004c');
INSERT INTO main VALUES('[20,0,0]',0,'main',1,'html','pco/asp','^hunk',replace('```\n```\n```\n> ...with code...\n...with code...\n> ```\n```','\n',char(10)),'null',X'4d40340000000000004d00000000000000004d00000000000000004c');
INSERT INTO main VALUES('[23,0]',0,'main',1,'html','pco/asp','^hunk','> ...is possible','null',X'4d40370000000000004d00000000000000004c');
INSERT INTO main VALUES('[23,0,0]',0,'main',1,'html','pco/asp','^hunk',replace('...is possible\n...is possible\n...is possible\n...is possible\n...is possible\n...is possible\n...is possible','\n',char(10)),'null',X'4d40370000000000004d00000000000000004d00000000000000004c');
INSERT INTO main VALUES('[24,0]',0,'main',1,'html','pco/asp','^hunk','','null',X'4d40380000000000004d00000000000000004c');
INSERT INTO main VALUES('[25,0]',0,'main',1,'html','pco/asp','^hunk',replace('simple paragraphs;\nsome shorter...\n','\n',char(10)),'null',X'4d40390000000000004d00000000000000004c');
INSERT INTO main VALUES('[28,0]',0,'main',1,'html','pco/asp','^hunk',replace('\n...some a bit longer\n','\n',char(10)),'null',X'4d403c0000000000004d00000000000000004c');
INSERT INTO main VALUES('[31,0]',0,'main',1,'html','pco/asp','^hunk','> A blockquote comes in handy.','null',X'4d403f0000000000004d00000000000000004c');
INSERT INTO main VALUES('[31,0,0]',0,'main',1,'html','pco/asp','^hunk',replace('A blockquote comes in handy.\nA blockquote comes in handy.','\n',char(10)),'null',X'4d403f0000000000004d00000000000000004d00000000000000004c');
INSERT INTO main VALUES('[32,0]',0,'main',1,'html','pco/asp','^hunk','','null',X'4d40400000000000004d00000000000000004c');
INSERT INTO main VALUES('[33,0]',0,'main',1,'html','pco/asp','^hunk',replace('<ignore>\nignored stuff\n</ignore>\nbut at any rate\njust\nparagraphs\n','\n',char(10)),'null',X'4d40408000000000004d00000000000000004c');
INSERT INTO main VALUES('[40,0]',0,'main',1,'html','pco/asp','^hunk',replace('EOF\nEOF','\n',char(10)),'null',X'4d40440000000000004d00000000000000004c');
INSERT INTO main VALUES('[5,0,0]',0,'main',1,'html','mdi/prs','^mktscript','','null',X'4d40140000000000004d00000000000000004d00000000000000004c');
INSERT INTO main VALUES('[6,0,0]',0,'main',1,'html','mdi/prs','^mktscript',replace('<code>codeblock line 1 codeblock line 2</code>\n','\n',char(10)),'null',X'4d40180000000000004d00000000000000004d00000000000000004c');
INSERT INTO main VALUES('[11,0,0]',0,'main',1,'html','mdi/prs','^mktscript',replace('<append dest=front realm=tex>\n<raw>% This will only appear in TeX source code before <code>\\begin{document}</code></raw>\n</append>\n','\n',char(10)),'null',X'4d40260000000000004d00000000000000004d00000000000000004c');
INSERT INTO main VALUES('[15,0,0]',0,'main',1,'html','mdi/prs','^mktscript',replace('<append dest=front realm=html>\n<raw>< !-- This will only appear in HTML source code in the `<head>` section --&gt;</raw>\n</append>\n','\n',char(10)),'null',X'4d402e0000000000004d00000000000000004d00000000000000004c');
INSERT INTO main VALUES('[19,0,0]',0,'main',1,'html','mdi/prs','^mktscript','&gt; a blockquote...','null',X'4d40330000000000004d00000000000000004d00000000000000004c');
INSERT INTO main VALUES('[19,0,0,0]',0,'main',1,'html','mdi/prs','^mktscript',replace('a blockquote...\na blockquote...','\n',char(10)),'null',X'4d40330000000000004d00000000000000004d00000000000000004d00000000000000004c');
INSERT INTO main VALUES('[20,0,0]',0,'main',1,'html','mdi/prs','^mktscript','&gt; ```','null',X'4d40340000000000004d00000000000000004d00000000000000004c');
INSERT INTO main VALUES('[20,0,0,0]',0,'main',1,'html','mdi/prs','^mktscript',replace('<code> </code>\n<code>&gt; ...with code... ...with code... &gt;</code>\n```','\n',char(10)),'null',X'4d40340000000000004d00000000000000004d00000000000000004d00000000000000004c');
INSERT INTO main VALUES('[23,0,0]',0,'main',1,'html','mdi/prs','^mktscript','&gt; ...is possible','null',X'4d40370000000000004d00000000000000004d00000000000000004c');
INSERT INTO main VALUES('[23,0,0,0]',0,'main',1,'html','mdi/prs','^mktscript',replace('...is possible\n...is possible\n...is possible\n...is possible\n...is possible\n...is possible\n...is possible','\n',char(10)),'null',X'4d40370000000000004d00000000000000004d00000000000000004d00000000000000004c');
INSERT INTO main VALUES('[24,0,0]',0,'main',1,'html','mdi/prs','^mktscript','','null',X'4d40380000000000004d00000000000000004d00000000000000004c');
INSERT INTO main VALUES('[25,0,0]',0,'main',1,'html','mdi/prs','^mktscript',replace('simple paragraphs;\nsome shorter...\n','\n',char(10)),'null',X'4d40390000000000004d00000000000000004d00000000000000004c');
INSERT INTO main VALUES('[28,0,0]',0,'main',1,'html','mdi/prs','^mktscript',replace('\n...some a bit longer\n','\n',char(10)),'null',X'4d403c0000000000004d00000000000000004d00000000000000004c');
INSERT INTO main VALUES('[31,0,0]',0,'main',1,'html','mdi/prs','^mktscript','&gt; A blockquote comes in handy.','null',X'4d403f0000000000004d00000000000000004d00000000000000004c');
INSERT INTO main VALUES('[31,0,0,0]',0,'main',1,'html','mdi/prs','^mktscript',replace('A blockquote comes in handy.\nA blockquote comes in handy.','\n',char(10)),'null',X'4d403f0000000000004d00000000000000004d00000000000000004d00000000000000004c');
INSERT INTO main VALUES('[32,0,0]',0,'main',1,'html','mdi/prs','^mktscript','','null',X'4d40400000000000004d00000000000000004d00000000000000004c');
INSERT INTO main VALUES('[33,0,0]',0,'main',1,'html','mdi/prs','^mktscript',replace('<ignore>\nignored stuff\n</ignore>\nbut at any rate\njust\nparagraphs\n','\n',char(10)),'null',X'4d40408000000000004d00000000000000004d00000000000000004c');
INSERT INTO main VALUES('[40,0,0]',0,'main',1,'html','mdi/prs','^mktscript',replace('EOF\nEOF','\n',char(10)),'null',X'4d40440000000000004d00000000000000004d00000000000000004c');
CREATE VIEW dest_changes_backward as select
    lead( dest ) over ( order by vnr_blob ) as nxt_dest,
    *
  from main
  where not stamped;
CREATE VIEW dest_changes_forward as select
    lag( dest ) over ( order by vnr_blob ) as prv_dest,
    *
  from main
  where not stamped;
COMMIT;
INSERT INTO "table" VALUES('[1]',1,'ignore',1,'input','stop','^line','','null',X'4d3ff00000000000004c');
INSERT INTO "table" VALUES('[2]',1,'ignore',1,'input','stop','^line','This part will be ignored','null',X'4d40000000000000004c');
INSERT INTO "table" VALUES('[3]',1,'ignore',1,'input','stop','^line','','null',X'4d40080000000000004c');
